"","W","LF_Name","TR","CR","FR"
"1","Nahmint","LF1: Mortality or fitness reduction due to predation from pinnipeds or other aquatic species",12,"M","H"
"2","Nahmint","LF2:  Mortality or fitness reduction increased exposure to terrestrial predation",4,"L","L"
"3","Nahmint","LF3: Mortality or fitness reduction as a result of stress due to anthropogenic activity (non fishing)",15,"M","VH"
"4","Nahmint","LF5: Mortality or fitness reduction due to competition with invasive species",4,"L","L"
"5","Nahmint","LF6: Limited or delayed access due to physical migration barriers and/or lack of safe migration routes (including lack of cover and complexity)",25,"VH","VH"
"6","Nahmint","LF8: Pre-spawn mortality or fitness reduction due to reduced quantity of spawning habitat",2,"VL","L"
"7","Nahmint","LF9: Mortality or fitness reduction due to fishing",12,"M","H"
"8","Nahmint","LF11: Mortality or fitness reduction due to unfavourable water temperatures",12,"M","H"
"9","Nahmint","LF20: Mortality or fitness reduction due to redd overspawn",1,"VL","VL"
"10","Nahmint","LF21: Mortality or fitness reduction due to dewatered redds at low flows",2,"VL","L"
"11","Nahmint","LF32: Mortality or fitness reduction as a result of stress due to anthropogenic activity",1,"VL","VL"
"12","Nahmint","LF34: Mortality or fitness reduction due to competition from invasive species",1,"VL","VL"
"13","Nahmint","LF36: Mortality or fitness reduction as a result of decreased quality of rearing habitat",12,"M","H"
"14","Nahmint","LF37: Mortality or fitness reduction as a result of decreased quantity of rearing habitat",12,"M","H"
"15","Nahmint","LF38: Mortality or fitness reduction as a result of decreased access to or quality of floodplain habitat",2,"VL","L"
"16","Nahmint","LF39: Mortality or fitness reduction from stranding in rearing habitat",2,"VL","L"
"17","Nahmint","LF50: Mortality or fitness reduction as a result of stress due to anthropogenic activity",12,"M","H"
"18","Nahmint","LF67: Mortality or fitness reduction due changes in biological characteristics such as fecundity, maturation rate, sex ratios, size at age, etc",25,"VH","VH"
"19","Nahmint","LF68: Mortality or fitness reduction due to a reduction in natural (wild) genetic influence. This is measured by the stray rate (pHOSstray) into the system, or by the frequency and magnitude of direct transplanting.",25,"VH","VH"
"20","Nahmint","LF69: Mortality or fitness reduction as a result of rearing in a hatchery environment leading to maladaptation to the wild environment. This is measured in a reduction in PNI.",25,"VH","VH"
"21","Nahmint","LF70: Mortality or fitness reduction due to negative effects of small population size - including inbreeding depression and gene flow",6,"L","M"
"22","Toquaht","LF1: Mortality or fitness reduction due to predation from pinnipeds or other aquatic species",2,"L","VL"
"23","Toquaht","LF3: Mortality or fitness reduction as a result of stress due to anthropogenic activity (non fishing)",3,"VL","M"
"24","Toquaht","LF6: Limited or delayed access due to physical migration barriers and/or lack of safe migration routes (including lack of cover and complexity)",12,"M","H"
"25","Toquaht","LF7: Pre-spawn mortality or fitness reduction due to poor quality of spawning habitat",15,"M","VH"
"26","Toquaht","LF8: Pre-spawn mortality or fitness reduction due to reduced quantity of spawning habitat",15,"M","VH"
"27","Toquaht","LF9: Mortality or fitness reduction due to fishing",25,"VH","VH"
"28","Toquaht","LF17: Mortality or fitness reduction due to predation by or presence of invasive species",1,"VL","VL"
"29","Toquaht","LF20: Mortality or fitness reduction due to redd overspawn",1,"VL","VL"
"30","Toquaht","LF21: Mortality or fitness reduction due to dewatered redds at low flows",1,"VL","VL"
"31","Toquaht","LF25: Mortality or fitness reduction due to lower quality spawning gravel",12,"M","H"
"32","Toquaht","LF32: Mortality or fitness reduction as a result of stress due to anthropogenic activity",1,"VL","VL"
"33","Toquaht","LF34: Mortality or fitness reduction due to competition from invasive species",1,"VL","VL"
"34","Toquaht","LF36: Mortality or fitness reduction as a result of decreased quality of rearing habitat",12,"M","H"
"35","Toquaht","LF37: Mortality or fitness reduction as a result of decreased quantity of rearing habitat",12,"M","H"
"36","Toquaht","LF38: Mortality or fitness reduction as a result of decreased access to or quality of floodplain habitat",20,"H","VH"
"37","Toquaht","LF39: Mortality or fitness reduction from stranding in rearing habitat",2,"VL","L"
"38","Toquaht","LF50: Mortality or fitness reduction as a result of stress due to anthropogenic activity",12,"M","H"
"39","Toquaht","LF68: Mortality or fitness reduction due to a reduction in natural (wild) genetic influence. This is measured by the stray rate (pHOSstray) into the system, or by the frequency and magnitude of direct transplanting.",25,"VH","VH"
"40","Toquaht","LF69: Mortality or fitness reduction as a result of rearing in a hatchery environment leading to maladaptation to the wild environment. This is measured in a reduction in PNI.",25,"VH","VH"
"41","Toquaht","LF70: Mortality or fitness reduction due to negative effects of small population size - including inbreeding depression and gene flow",6,"L","M"
"42","Somass","LF3: Mortality or fitness reduction as a result of stress due to anthropogenic activity (non fishing)",1,"VL","VL"
"43","Somass","LF7: Pre-spawn mortality or fitness reduction due to poor quality of spawning habitat",6,"L","M"
"44","Somass","LF8: Pre-spawn mortality or fitness reduction due to reduced quantity of spawning habitat",6,"L","M"
"45","Somass","LF9: Mortality or fitness reduction due to fishing",12,"M","H"
"46","Somass","LF11: Mortality or fitness reduction due to unfavourable water temperatures",20,"H","VH"
"47","Somass","LF12: Mortality or fitness reduction as a result of low dissolved oxygen",6,"L","M"
"48","Somass","LF15: Mortality or fitness reduction due to deleterious substances",1,"VL","VL"
"49","Somass","LF19: Mortality or fitness reduction due to early alevin emergence",2,"VL","L"
"50","Somass","LF25: Mortality or fitness reduction due to lower quality spawning gravel",4,"L","L"
"51","Somass","LF30: Mortality or fitness reduction as a result of elevated predation",4,"L","L"
"52","Somass","LF32: Mortality or fitness reduction as a result of stress due to anthropogenic activity",1,"VL","VL"
"53","Somass","LF33: Mortality or fitness reduction as a result of disease, parasites, or pathogens",6,"L","M"
"54","Somass","LF34: Mortality or fitness reduction due to competition from invasive species",12,"M","H"
"55","Somass","LF36: Mortality or fitness reduction as a result of decreased quality of rearing habitat",25,"VH","VH"
"56","Somass","LF37: Mortality or fitness reduction as a result of decreased quantity of rearing habitat",9,"M","M"
"57","Somass","LF38: Mortality or fitness reduction as a result of decreased access to or quality of floodplain habitat",16,"H","H"
"58","Somass","LF39: Mortality or fitness reduction from stranding in rearing habitat",9,"M","M"
"59","Somass","LF40: Mortality or fitness reduction due to frequent and higher peak flows causing flushing",1,"VL","VL"
"60","Somass","LF50: Mortality or fitness reduction as a result of stress due to anthropogenic activity",12,"M","H"
"61","Somass","LF57: Mortality or fitness reduction due to reduction in quantity channel habitat",12,"M","H"
"62","Somass","LF59: Mortality or fitness reduction due to reduction in quantity of vegetation habitat",25,"VH","VH"
"63","Somass","LF61: Mortality or fitness reduction due to unfavourable water temperatures",15,"M","VH"
"64","Somass","LF62: Mortality or fitness reduction as a result of low dissolved oxygen",12,"M","H"
"65","Somass","LF65: Mortality or fitness reduction due to deleterious substances",6,"L","M"
"66","Somass","LF67: Mortality or fitness reduction due changes in biological characteristics such as fecundity, maturation rate, sex ratios, size at age, etc",12,"M","H"
"67","Somass","LF68: Mortality or fitness reduction due to a reduction in natural (wild) genetic influence. This is measured by the stray rate (pHOSstray) into the system, or by the frequency and magnitude of direct transplanting.",1,"VL","VL"
"68","Somass","LF69: Mortality or fitness reduction as a result of rearing in a hatchery environment leading to maladaptation to the wild environment. This is measured in a reduction in PNI.",25,"VH","VH"
"69","Somass","LF70: Mortality or fitness reduction due to negative effects of small population size - including inbreeding depression and gene flow",4,"L","L"
"70","Sarita","LF1: Mortality or fitness reduction due to predation from pinnipeds or other aquatic species",9,"M","M"
"71","Sarita","LF3: Mortality or fitness reduction as a result of stress due to anthropogenic activity (non fishing)",1,"VL","VL"
"72","Sarita","LF6: Limited or delayed access due to physical migration barriers and/or lack of safe migration routes (including lack of cover and complexity)",9,"M","M"
"73","Sarita","LF7: Pre-spawn mortality or fitness reduction due to poor quality of spawning habitat",25,"VH","VH"
"74","Sarita","LF8: Pre-spawn mortality or fitness reduction due to reduced quantity of spawning habitat",1,"VL","VL"
"75","Sarita","LF9: Mortality or fitness reduction due to fishing",1,"VL","VL"
"76","Sarita","LF10: Mortality or fitness reduction of wild fish due to competition with hatchery fish or aquaculture escapees for spawning locations or mates",1,"VL","VL"
"77","Sarita","LF11: Mortality or fitness reduction due to unfavourable water temperatures",12,"M","H"
"78","Sarita","LF12: Mortality or fitness reduction as a result of low dissolved oxygen",1,"VL","VL"
"79","Sarita","LF15: Mortality or fitness reduction due to deleterious substances",4,"L","L"
"80","Sarita","LF16: Mortality due to elevated levels of predation of eggs and alevin",9,"M","M"
"81","Sarita","LF17: Mortality or fitness reduction due to predation by or presence of invasive species",1,"VL","VL"
"82","Sarita","LF20: Mortality or fitness reduction due to redd overspawn",9,"M","M"
"83","Sarita","LF21: Mortality or fitness reduction due to dewatered redds at low flows",4,"L","L"
"84","Sarita","LF22: Mortality or fitness reduction resulting from frequent and higher peak flows causing redd scour",9,"M","M"
"85","Sarita","LF25: Mortality or fitness reduction due to lower quality spawning gravel",4,"L","L"
"86","Sarita","LF30: Mortality or fitness reduction as a result of elevated predation",9,"M","M"
"87","Sarita","LF32: Mortality or fitness reduction as a result of stress due to anthropogenic activity",1,"VL","VL"
"88","Sarita","LF34: Mortality or fitness reduction due to competition from invasive species",1,"VL","VL"
"89","Sarita","LF35: Mortality or fitness reduction as a result of lack of access to appropriate food",4,"L","L"
"90","Sarita","LF36: Mortality or fitness reduction as a result of decreased quality of rearing habitat",25,"VH","VH"
"91","Sarita","LF37: Mortality or fitness reduction as a result of decreased quantity of rearing habitat",25,"VH","VH"
"92","Sarita","LF38: Mortality or fitness reduction as a result of decreased access to or quality of floodplain habitat",10,"VH","L"
"93","Sarita","LF39: Mortality or fitness reduction from stranding in rearing habitat",1,"VL","VL"
"94","Sarita","LF41: Mortality or fitness reduction as a result of competition with hatchery fry",1,"VL","VL"
"95","Sarita","LF46: Mortality or fitness reduction due to ingestion of microplastics in lake environments",1,"VL","VL"
"96","Sarita","LF47: Mortality or fitness reduction due to elevated predation",3,"M","VL"
"97","Sarita","LF48: Mortality or fitness reduction due to predation by invasive species",1,"VL","VL"
"98","Sarita","LF50: Mortality or fitness reduction as a result of stress due to anthropogenic activity",1,"VL","VL"
"99","Sarita","LF52: Mortality or fitness reduction as a result of lack of access to appropriate food",3,"M","VL"
"100","Sarita","LF53: Mortality or fitness reduction due to increased frequency and magnitude of algal blooms",1,"VL","VL"
"101","Sarita","LF54: Mortality or fitness reduction due to reduction in quality of beach habitat",1,"VL","VL"
"102","Sarita","LF55: Mortality or fitness reduction due to loss in quantity of beach habitat loss",1,"VL","VL"
"103","Sarita","LF56: Mortality or fitness reduction due to reduction in quality channel habitat",12,"M","H"
"104","Sarita","LF57: Mortality or fitness reduction due to reduction in quantity channel habitat",12,"M","H"
"105","Sarita","LF58: Mortality or fitness reduction due to reduction in quality of vegetation habitat",16,"H","H"
"106","Sarita","LF59: Mortality or fitness reduction due to reduction in quantity of vegetation habitat",16,"H","H"
"107","Sarita","LF65: Mortality or fitness reduction due to deleterious substances",1,"VL","VL"
"108","Sarita","LF68: Mortality or fitness reduction due to a reduction in natural (wild) genetic influence. This is measured by the stray rate (pHOSstray) into the system, or by the frequency and magnitude of direct transplanting.",3,"M","VL"
"109","Sarita","LF69: Mortality or fitness reduction as a result of rearing in a hatchery environment leading to maladaptation to the wild environment. This is measured in a reduction in PNI.",8,"H","L"
"110","Sarita","LF70: Mortality or fitness reduction due to negative effects of small population size - including inbreeding depression and gene flow",1,"VL","VL"
"111","Megin","LF1: Mortality or fitness reduction due to predation from pinnipeds or other aquatic species",1,"VL","VL"
"112","Megin","LF2:  Mortality or fitness reduction increased exposure to terrestrial predation",1,"VL","VL"
"113","Megin","LF3: Mortality or fitness reduction as a result of stress due to anthropogenic activity (non fishing)",2,"VL","L"
"114","Megin","LF5: Mortality or fitness reduction due to competition with invasive species",1,"VL","VL"
"115","Megin","LF6: Limited or delayed access due to physical migration barriers and/or lack of safe migration routes (including lack of cover and complexity)",2,"VL","L"
"116","Megin","LF7: Pre-spawn mortality or fitness reduction due to poor quality of spawning habitat",1,"VL","VL"
"117","Megin","LF8: Pre-spawn mortality or fitness reduction due to reduced quantity of spawning habitat",1,"VL","VL"
"118","Megin","LF9: Mortality or fitness reduction due to fishing",1,"VL","VL"
"119","Megin","LF11: Mortality or fitness reduction due to unfavourable water temperatures",6,"L","M"
"120","Megin","LF15: Mortality or fitness reduction due to deleterious substances",1,"VL","VL"
"121","Megin","LF16: Mortality due to elevated levels of predation of eggs and alevin",2,"VL","L"
"122","Megin","LF17: Mortality or fitness reduction due to predation by or presence of invasive species",2,"VL","L"
"123","Megin","LF18: Mortality due to redd disturbance by humans",2,"VL","L"
"124","Megin","LF21: Mortality or fitness reduction due to dewatered redds at low flows",1,"VL","VL"
"125","Megin","LF29: Mortality or fitness reduction due to deleterious substances",1,"VL","VL"
"126","Megin","LF32: Mortality or fitness reduction as a result of stress due to anthropogenic activity",2,"VL","L"
"127","Megin","LF34: Mortality or fitness reduction due to competition from invasive species",2,"VL","L"
"128","Megin","LF36: Mortality or fitness reduction as a result of decreased quality of rearing habitat",1,"VL","VL"
"129","Megin","LF37: Mortality or fitness reduction as a result of decreased quantity of rearing habitat",1,"VL","VL"
"130","Megin","LF38: Mortality or fitness reduction as a result of decreased access to or quality of floodplain habitat",2,"VL","L"
"131","Megin","LF39: Mortality or fitness reduction from stranding in rearing habitat",1,"VL","VL"
"132","Megin","LF40: Mortality or fitness reduction due to frequent and higher peak flows causing flushing",2,"VL","L"
"133","Megin","LF41: Mortality or fitness reduction as a result of competition with hatchery fry",2,"VL","L"
"134","Megin","LF45: Mortality or fitness reduction as a result of deleterious substances",2,"VL","L"
"135","Megin","LF47: Mortality or fitness reduction due to elevated predation",2,"VL","L"
"136","Megin","LF48: Mortality or fitness reduction due to predation by invasive species",2,"VL","L"
"137","Megin","LF50: Mortality or fitness reduction as a result of stress due to anthropogenic activity",2,"VL","L"
"138","Megin","LF51: Mortality or fitness reduction as a result of disease, parasites, or pathogens",12,"M","H"
"139","Megin","LF53: Mortality or fitness reduction due to increased frequency and magnitude of algal blooms",2,"VL","L"
"140","Megin","LF65: Mortality or fitness reduction due to deleterious substances",2,"VL","L"
"141","Megin","LF67: Mortality or fitness reduction due changes in biological characteristics such as fecundity, maturation rate, sex ratios, size at age, etc",20,"H","VH"
"142","Megin","LF69: Mortality or fitness reduction as a result of rearing in a hatchery environment leading to maladaptation to the wild environment. This is measured in a reduction in PNI.",1,"VL","VL"
"143","Moyeha","LF1: Mortality or fitness reduction due to predation from pinnipeds or other aquatic species",1,"VL","VL"
"144","Moyeha","LF2:  Mortality or fitness reduction increased exposure to terrestrial predation",1,"VL","VL"
"145","Moyeha","LF3: Mortality or fitness reduction as a result of stress due to anthropogenic activity (non fishing)",2,"VL","L"
"146","Moyeha","LF5: Mortality or fitness reduction due to competition with invasive species",1,"VL","VL"
"147","Moyeha","LF6: Limited or delayed access due to physical migration barriers and/or lack of safe migration routes (including lack of cover and complexity)",2,"VL","L"
"148","Moyeha","LF7: Pre-spawn mortality or fitness reduction due to poor quality of spawning habitat",1,"VL","VL"
"149","Moyeha","LF8: Pre-spawn mortality or fitness reduction due to reduced quantity of spawning habitat",1,"VL","VL"
"150","Moyeha","LF9: Mortality or fitness reduction due to fishing",1,"VL","VL"
"151","Moyeha","LF11: Mortality or fitness reduction due to unfavourable water temperatures",2,"VL","L"
"152","Moyeha","LF15: Mortality or fitness reduction due to deleterious substances",1,"VL","VL"
"153","Moyeha","LF16: Mortality due to elevated levels of predation of eggs and alevin",2,"VL","L"
"154","Moyeha","LF17: Mortality or fitness reduction due to predation by or presence of invasive species",2,"VL","L"
"155","Moyeha","LF18: Mortality due to redd disturbance by humans",2,"VL","L"
"156","Moyeha","LF21: Mortality or fitness reduction due to dewatered redds at low flows",1,"VL","VL"
"157","Moyeha","LF29: Mortality or fitness reduction due to deleterious substances",1,"VL","VL"
"158","Moyeha","LF32: Mortality or fitness reduction as a result of stress due to anthropogenic activity",2,"VL","L"
"159","Moyeha","LF34: Mortality or fitness reduction due to competition from invasive species",2,"VL","L"
"160","Moyeha","LF36: Mortality or fitness reduction as a result of decreased quality of rearing habitat",2,"VL","L"
"161","Moyeha","LF37: Mortality or fitness reduction as a result of decreased quantity of rearing habitat",2,"VL","L"
"162","Moyeha","LF38: Mortality or fitness reduction as a result of decreased access to or quality of floodplain habitat",2,"VL","L"
"163","Moyeha","LF39: Mortality or fitness reduction from stranding in rearing habitat",1,"VL","VL"
"164","Moyeha","LF40: Mortality or fitness reduction due to frequent and higher peak flows causing flushing",12,"M","H"
"165","Moyeha","LF41: Mortality or fitness reduction as a result of competition with hatchery fry",2,"VL","L"
"166","Moyeha","LF45: Mortality or fitness reduction as a result of deleterious substances",2,"VL","L"
"167","Moyeha","LF47: Mortality or fitness reduction due to elevated predation",2,"VL","L"
"168","Moyeha","LF48: Mortality or fitness reduction due to predation by invasive species",2,"VL","L"
"169","Moyeha","LF50: Mortality or fitness reduction as a result of stress due to anthropogenic activity",2,"VL","L"
"170","Moyeha","LF51: Mortality or fitness reduction as a result of disease, parasites, or pathogens",6,"L","M"
"171","Moyeha","LF53: Mortality or fitness reduction due to increased frequency and magnitude of algal blooms",2,"VL","L"
"172","Moyeha","LF65: Mortality or fitness reduction due to deleterious substances",2,"VL","L"
"173","Moyeha","LF67: Mortality or fitness reduction due changes in biological characteristics such as fecundity, maturation rate, sex ratios, size at age, etc",20,"H","VH"
"174","Moyeha","LF69: Mortality or fitness reduction as a result of rearing in a hatchery environment leading to maladaptation to the wild environment. This is measured in a reduction in PNI.",1,"VL","VL"
"175","Cypre","LF1: Mortality or fitness reduction due to predation from pinnipeds or other aquatic species",6,"L","M"
"176","Cypre","LF2:  Mortality or fitness reduction increased exposure to terrestrial predation",1,"VL","VL"
"177","Cypre","LF3: Mortality or fitness reduction as a result of stress due to anthropogenic activity (non fishing)",1,"VL","VL"
"178","Cypre","LF5: Mortality or fitness reduction due to competition with invasive species",1,"VL","VL"
"179","Cypre","LF6: Limited or delayed access due to physical migration barriers and/or lack of safe migration routes (including lack of cover and complexity)",12,"M","H"
"180","Cypre","LF7: Pre-spawn mortality or fitness reduction due to poor quality of spawning habitat",12,"M","H"
"181","Cypre","LF8: Pre-spawn mortality or fitness reduction due to reduced quantity of spawning habitat",12,"M","H"
"182","Cypre","LF9: Mortality or fitness reduction due to fishing",1,"VL","VL"
"183","Cypre","LF11: Mortality or fitness reduction due to unfavourable water temperatures",15,"M","VH"
"184","Cypre","LF16: Mortality due to elevated levels of predation of eggs and alevin",1,"VL","VL"
"185","Cypre","LF17: Mortality or fitness reduction due to predation by or presence of invasive species",1,"VL","VL"
"186","Cypre","LF18: Mortality due to redd disturbance by humans",1,"VL","VL"
"187","Cypre","LF21: Mortality or fitness reduction due to dewatered redds at low flows",1,"VL","VL"
"188","Cypre","LF32: Mortality or fitness reduction as a result of stress due to anthropogenic activity",1,"VL","VL"
"189","Cypre","LF34: Mortality or fitness reduction due to competition from invasive species",1,"VL","VL"
"190","Cypre","LF36: Mortality or fitness reduction as a result of decreased quality of rearing habitat",25,"VH","VH"
"191","Cypre","LF37: Mortality or fitness reduction as a result of decreased quantity of rearing habitat",25,"VH","VH"
"192","Cypre","LF40: Mortality or fitness reduction due to frequent and higher peak flows causing flushing",12,"M","H"
"193","Cypre","LF41: Mortality or fitness reduction as a result of competition with hatchery fry",6,"L","M"
"194","Cypre","LF47: Mortality or fitness reduction due to elevated predation",1,"VL","VL"
"195","Cypre","LF48: Mortality or fitness reduction due to predation by invasive species",1,"VL","VL"
"196","Cypre","LF50: Mortality or fitness reduction as a result of stress due to anthropogenic activity",2,"VL","L"
"197","Cypre","LF51: Mortality or fitness reduction as a result of disease, parasites, or pathogens",25,"VH","VH"
"198","Cypre","LF53: Mortality or fitness reduction due to increased frequency and magnitude of algal blooms",1,"VL","VL"
"199","Cypre","LF58: Mortality or fitness reduction due to reduction in quality of vegetation habitat",12,"M","H"
"200","Cypre","LF59: Mortality or fitness reduction due to reduction in quantity of vegetation habitat",12,"M","H"
"201","Cypre","LF67: Mortality or fitness reduction due changes in biological characteristics such as fecundity, maturation rate, sex ratios, size at age, etc",20,"H","VH"
"202","Cypre","LF69: Mortality or fitness reduction as a result of rearing in a hatchery environment leading to maladaptation to the wild environment. This is measured in a reduction in PNI.",6,"L","M"
"203","Bedwell","LF1: Mortality or fitness reduction due to predation from pinnipeds or other aquatic species",1,"VL","VL"
"204","Bedwell","LF2:  Mortality or fitness reduction increased exposure to terrestrial predation",1,"VL","VL"
"205","Bedwell","LF3: Mortality or fitness reduction as a result of stress due to anthropogenic activity (non fishing)",1,"VL","VL"
"206","Bedwell","LF5: Mortality or fitness reduction due to competition with invasive species",1,"VL","VL"
"207","Bedwell","LF6: Limited or delayed access due to physical migration barriers and/or lack of safe migration routes (including lack of cover and complexity)",12,"M","H"
"208","Bedwell","LF7: Pre-spawn mortality or fitness reduction due to poor quality of spawning habitat",12,"M","H"
"209","Bedwell","LF8: Pre-spawn mortality or fitness reduction due to reduced quantity of spawning habitat",12,"M","H"
"210","Bedwell","LF9: Mortality or fitness reduction due to fishing",1,"VL","VL"
"211","Bedwell","LF11: Mortality or fitness reduction due to unfavourable water temperatures",6,"L","M"
"212","Bedwell","LF16: Mortality due to elevated levels of predation of eggs and alevin",1,"VL","VL"
"213","Bedwell","LF17: Mortality or fitness reduction due to predation by or presence of invasive species",1,"VL","VL"
"214","Bedwell","LF18: Mortality due to redd disturbance by humans",1,"VL","VL"
"215","Bedwell","LF21: Mortality or fitness reduction due to dewatered redds at low flows",1,"VL","VL"
"216","Bedwell","LF32: Mortality or fitness reduction as a result of stress due to anthropogenic activity",1,"VL","VL"
"217","Bedwell","LF34: Mortality or fitness reduction due to competition from invasive species",1,"VL","VL"
"218","Bedwell","LF36: Mortality or fitness reduction as a result of decreased quality of rearing habitat",25,"VH","VH"
"219","Bedwell","LF37: Mortality or fitness reduction as a result of decreased quantity of rearing habitat",25,"VH","VH"
"220","Bedwell","LF38: Mortality or fitness reduction as a result of decreased access to or quality of floodplain habitat",20,"H","VH"
"221","Bedwell","LF40: Mortality or fitness reduction due to frequent and higher peak flows causing flushing",12,"M","H"
"222","Bedwell","LF41: Mortality or fitness reduction as a result of competition with hatchery fry",4,"L","L"
"223","Bedwell","LF47: Mortality or fitness reduction due to elevated predation",1,"VL","VL"
"224","Bedwell","LF48: Mortality or fitness reduction due to predation by invasive species",1,"VL","VL"
"225","Bedwell","LF50: Mortality or fitness reduction as a result of stress due to anthropogenic activity",2,"VL","L"
"226","Bedwell","LF51: Mortality or fitness reduction as a result of disease, parasites, or pathogens",20,"H","VH"
"227","Bedwell","LF53: Mortality or fitness reduction due to increased frequency and magnitude of algal blooms",1,"VL","VL"
"228","Bedwell","LF58: Mortality or fitness reduction due to reduction in quality of vegetation habitat",12,"M","H"
"229","Bedwell","LF59: Mortality or fitness reduction due to reduction in quantity of vegetation habitat",12,"M","H"
"230","Bedwell","LF67: Mortality or fitness reduction due changes in biological characteristics such as fecundity, maturation rate, sex ratios, size at age, etc",20,"H","VH"
"231","Bedwell","LF69: Mortality or fitness reduction as a result of rearing in a hatchery environment leading to maladaptation to the wild environment. This is measured in a reduction in PNI.",6,"L","M"
"232","Tranquil","LF1: Mortality or fitness reduction due to predation from pinnipeds or other aquatic species",9,"M","M"
"233","Tranquil","LF2:  Mortality or fitness reduction increased exposure to terrestrial predation",1,"VL","VL"
"234","Tranquil","LF3: Mortality or fitness reduction as a result of stress due to anthropogenic activity (non fishing)",1,"VL","VL"
"235","Tranquil","LF5: Mortality or fitness reduction due to competition with invasive species",1,"VL","VL"
"236","Tranquil","LF6: Limited or delayed access due to physical migration barriers and/or lack of safe migration routes (including lack of cover and complexity)",20,"H","VH"
"237","Tranquil","LF7: Pre-spawn mortality or fitness reduction due to poor quality of spawning habitat",12,"M","H"
"238","Tranquil","LF8: Pre-spawn mortality or fitness reduction due to reduced quantity of spawning habitat",1,"VL","VL"
"239","Tranquil","LF9: Mortality or fitness reduction due to fishing",1,"VL","VL"
"240","Tranquil","LF11: Mortality or fitness reduction due to unfavourable water temperatures",2,"VL","L"
"241","Tranquil","LF16: Mortality due to elevated levels of predation of eggs and alevin",1,"VL","VL"
"242","Tranquil","LF17: Mortality or fitness reduction due to predation by or presence of invasive species",1,"VL","VL"
"243","Tranquil","LF18: Mortality due to redd disturbance by humans",1,"VL","VL"
"244","Tranquil","LF21: Mortality or fitness reduction due to dewatered redds at low flows",2,"VL","L"
"245","Tranquil","LF25: Mortality or fitness reduction due to lower quality spawning gravel",20,"H","VH"
"246","Tranquil","LF32: Mortality or fitness reduction as a result of stress due to anthropogenic activity",1,"VL","VL"
"247","Tranquil","LF34: Mortality or fitness reduction due to competition from invasive species",1,"VL","VL"
"248","Tranquil","LF36: Mortality or fitness reduction as a result of decreased quality of rearing habitat",16,"H","H"
"249","Tranquil","LF37: Mortality or fitness reduction as a result of decreased quantity of rearing habitat",16,"H","H"
"250","Tranquil","LF38: Mortality or fitness reduction as a result of decreased access to or quality of floodplain habitat",20,"H","VH"
"251","Tranquil","LF39: Mortality or fitness reduction from stranding in rearing habitat",16,"H","H"
"252","Tranquil","LF40: Mortality or fitness reduction due to frequent and higher peak flows causing flushing",25,"VH","VH"
"253","Tranquil","LF47: Mortality or fitness reduction due to elevated predation",1,"VL","VL"
"254","Tranquil","LF48: Mortality or fitness reduction due to predation by invasive species",1,"VL","VL"
"255","Tranquil","LF50: Mortality or fitness reduction as a result of stress due to anthropogenic activity",2,"VL","L"
"256","Tranquil","LF51: Mortality or fitness reduction as a result of disease, parasites, or pathogens",6,"L","M"
"257","Tranquil","LF53: Mortality or fitness reduction due to increased frequency and magnitude of algal blooms",1,"VL","VL"
"258","Tranquil","LF58: Mortality or fitness reduction due to reduction in quality of vegetation habitat",20,"H","VH"
"259","Tranquil","LF59: Mortality or fitness reduction due to reduction in quantity of vegetation habitat",20,"H","VH"
"260","Tranquil","LF67: Mortality or fitness reduction due changes in biological characteristics such as fecundity, maturation rate, sex ratios, size at age, etc",12,"M","H"
"261","Tranquil","LF68: Mortality or fitness reduction due to a reduction in natural (wild) genetic influence. This is measured by the stray rate (pHOSstray) into the system, or by the frequency and magnitude of direct transplanting.",15,"VH","M"
"262","Tranquil","LF69: Mortality or fitness reduction as a result of rearing in a hatchery environment leading to maladaptation to the wild environment. This is measured in a reduction in PNI.",15,"VH","M"
"263","Tranquil","LF70: Mortality or fitness reduction due to negative effects of small population size - including inbreeding depression and gene flow",15,"VH","M"
"264","Lower Kennedy","LF1: Mortality or fitness reduction due to predation from pinnipeds or other aquatic species",6,"L","M"
"265","Lower Kennedy","LF2:  Mortality or fitness reduction increased exposure to terrestrial predation",1,"VL","VL"
"266","Lower Kennedy","LF3: Mortality or fitness reduction as a result of stress due to anthropogenic activity (non fishing)",1,"VL","VL"
"267","Lower Kennedy","LF5: Mortality or fitness reduction due to competition with invasive species",1,"VL","VL"
"268","Lower Kennedy","LF6: Limited or delayed access due to physical migration barriers and/or lack of safe migration routes (including lack of cover and complexity)",1,"VL","VL"
"269","Lower Kennedy","LF7: Pre-spawn mortality or fitness reduction due to poor quality of spawning habitat",1,"VL","VL"
"270","Lower Kennedy","LF8: Pre-spawn mortality or fitness reduction due to reduced quantity of spawning habitat",1,"VL","VL"
"271","Lower Kennedy","LF9: Mortality or fitness reduction due to fishing",6,"L","M"
"272","Lower Kennedy","LF11: Mortality or fitness reduction due to unfavourable water temperatures",2,"VL","L"
"273","Lower Kennedy","LF16: Mortality due to elevated levels of predation of eggs and alevin",1,"VL","VL"
"274","Lower Kennedy","LF17: Mortality or fitness reduction due to predation by or presence of invasive species",1,"VL","VL"
"275","Lower Kennedy","LF18: Mortality due to redd disturbance by humans",1,"VL","VL"
"276","Lower Kennedy","LF21: Mortality or fitness reduction due to dewatered redds at low flows",1,"VL","VL"
"277","Lower Kennedy","LF22: Mortality or fitness reduction resulting from frequent and higher peak flows causing redd scour",1,"VL","VL"
"278","Lower Kennedy","LF25: Mortality or fitness reduction due to lower quality spawning gravel",1,"VL","VL"
"279","Lower Kennedy","LF32: Mortality or fitness reduction as a result of stress due to anthropogenic activity",1,"VL","VL"
"280","Lower Kennedy","LF34: Mortality or fitness reduction due to competition from invasive species",1,"VL","VL"
"281","Lower Kennedy","LF36: Mortality or fitness reduction as a result of decreased quality of rearing habitat",1,"VL","VL"
"282","Lower Kennedy","LF37: Mortality or fitness reduction as a result of decreased quantity of rearing habitat",2,"VL","L"
"283","Lower Kennedy","LF38: Mortality or fitness reduction as a result of decreased access to or quality of floodplain habitat",1,"VL","VL"
"284","Lower Kennedy","LF39: Mortality or fitness reduction from stranding in rearing habitat",1,"VL","VL"
"285","Lower Kennedy","LF40: Mortality or fitness reduction due to frequent and higher peak flows causing flushing",1,"VL","VL"
"286","Lower Kennedy","LF47: Mortality or fitness reduction due to elevated predation",1,"VL","VL"
"287","Lower Kennedy","LF48: Mortality or fitness reduction due to predation by invasive species",1,"VL","VL"
"288","Lower Kennedy","LF50: Mortality or fitness reduction as a result of stress due to anthropogenic activity",2,"VL","L"
"289","Lower Kennedy","LF53: Mortality or fitness reduction due to increased frequency and magnitude of algal blooms",1,"VL","VL"
"290","Upper Kennedy","LF1: Mortality or fitness reduction due to predation from pinnipeds or other aquatic species",6,"L","M"
"291","Upper Kennedy","LF2:  Mortality or fitness reduction increased exposure to terrestrial predation",1,"VL","VL"
"292","Upper Kennedy","LF3: Mortality or fitness reduction as a result of stress due to anthropogenic activity (non fishing)",1,"VL","VL"
"293","Upper Kennedy","LF5: Mortality or fitness reduction due to competition with invasive species",1,"VL","VL"
"294","Upper Kennedy","LF6: Limited or delayed access due to physical migration barriers and/or lack of safe migration routes (including lack of cover and complexity)",20,"H","VH"
"295","Upper Kennedy","LF7: Pre-spawn mortality or fitness reduction due to poor quality of spawning habitat",20,"H","VH"
"296","Upper Kennedy","LF8: Pre-spawn mortality or fitness reduction due to reduced quantity of spawning habitat",1,"VL","VL"
"297","Upper Kennedy","LF9: Mortality or fitness reduction due to fishing",6,"L","M"
"298","Upper Kennedy","LF11: Mortality or fitness reduction due to unfavourable water temperatures",6,"L","M"
"299","Upper Kennedy","LF16: Mortality due to elevated levels of predation of eggs and alevin",1,"VL","VL"
"300","Upper Kennedy","LF17: Mortality or fitness reduction due to predation by or presence of invasive species",1,"VL","VL"
"301","Upper Kennedy","LF18: Mortality due to redd disturbance by humans",1,"VL","VL"
"302","Upper Kennedy","LF21: Mortality or fitness reduction due to dewatered redds at low flows",1,"VL","VL"
"303","Upper Kennedy","LF22: Mortality or fitness reduction resulting from frequent and higher peak flows causing redd scour",25,"VH","VH"
"304","Upper Kennedy","LF32: Mortality or fitness reduction as a result of stress due to anthropogenic activity",1,"VL","VL"
"305","Upper Kennedy","LF34: Mortality or fitness reduction due to competition from invasive species",1,"VL","VL"
"306","Upper Kennedy","LF39: Mortality or fitness reduction from stranding in rearing habitat",6,"L","M"
"307","Upper Kennedy","LF40: Mortality or fitness reduction due to frequent and higher peak flows causing flushing",2,"VL","L"
"308","Upper Kennedy","LF47: Mortality or fitness reduction due to elevated predation",1,"VL","VL"
"309","Upper Kennedy","LF48: Mortality or fitness reduction due to predation by invasive species",1,"VL","VL"
"310","Upper Kennedy","LF53: Mortality or fitness reduction due to increased frequency and magnitude of algal blooms",1,"VL","VL"
"311","Sand","LF1: Mortality or fitness reduction due to predation from pinnipeds or other aquatic species",1,"VL","VL"
"312","Sand","LF2:  Mortality or fitness reduction increased exposure to terrestrial predation",1,"VL","VL"
"313","Sand","LF3: Mortality or fitness reduction as a result of stress due to anthropogenic activity (non fishing)",1,"VL","VL"
"314","Sand","LF5: Mortality or fitness reduction due to competition with invasive species",1,"VL","VL"
"315","Sand","LF6: Limited or delayed access due to physical migration barriers and/or lack of safe migration routes (including lack of cover and complexity)",25,"VH","VH"
"316","Sand","LF7: Pre-spawn mortality or fitness reduction due to poor quality of spawning habitat",25,"VH","VH"
"317","Sand","LF8: Pre-spawn mortality or fitness reduction due to reduced quantity of spawning habitat",25,"VH","VH"
"318","Sand","LF9: Mortality or fitness reduction due to fishing",2,"VL","L"
"319","Sand","LF11: Mortality or fitness reduction due to unfavourable water temperatures",2,"VL","L"
"320","Sand","LF16: Mortality due to elevated levels of predation of eggs and alevin",1,"VL","VL"
"321","Sand","LF17: Mortality or fitness reduction due to predation by or presence of invasive species",1,"VL","VL"
"322","Sand","LF18: Mortality due to redd disturbance by humans",1,"VL","VL"
"323","Sand","LF21: Mortality or fitness reduction due to dewatered redds at low flows",1,"VL","VL"
"324","Sand","LF22: Mortality or fitness reduction resulting from frequent and higher peak flows causing redd scour",25,"VH","VH"
"325","Sand","LF32: Mortality or fitness reduction as a result of stress due to anthropogenic activity",1,"VL","VL"
"326","Sand","LF34: Mortality or fitness reduction due to competition from invasive species",1,"VL","VL"
"327","Sand","LF39: Mortality or fitness reduction from stranding in rearing habitat",6,"L","M"
"328","Sand","LF47: Mortality or fitness reduction due to elevated predation",1,"VL","VL"
"329","Sand","LF48: Mortality or fitness reduction due to predation by invasive species",1,"VL","VL"
"330","Sand","LF50: Mortality or fitness reduction as a result of stress due to anthropogenic activity",2,"VL","L"
"331","Sand","LF53: Mortality or fitness reduction due to increased frequency and magnitude of algal blooms",1,"VL","VL"
"332","Clayoquot","LF1: Mortality or fitness reduction due to predation from pinnipeds or other aquatic species",6,"L","M"
"333","Clayoquot","LF2:  Mortality or fitness reduction increased exposure to terrestrial predation",1,"VL","VL"
"334","Clayoquot","LF3: Mortality or fitness reduction as a result of stress due to anthropogenic activity (non fishing)",1,"VL","VL"
"335","Clayoquot","LF5: Mortality or fitness reduction due to competition with invasive species",1,"VL","VL"
"336","Clayoquot","LF6: Limited or delayed access due to physical migration barriers and/or lack of safe migration routes (including lack of cover and complexity)",20,"H","VH"
"337","Clayoquot","LF9: Mortality or fitness reduction due to fishing",2,"VL","L"
"338","Clayoquot","LF11: Mortality or fitness reduction due to unfavourable water temperatures",2,"VL","L"
"339","Clayoquot","LF16: Mortality due to elevated levels of predation of eggs and alevin",1,"VL","VL"
"340","Clayoquot","LF17: Mortality or fitness reduction due to predation by or presence of invasive species",1,"VL","VL"
"341","Clayoquot","LF18: Mortality due to redd disturbance by humans",1,"VL","VL"
"342","Clayoquot","LF21: Mortality or fitness reduction due to dewatered redds at low flows",1,"VL","VL"
"343","Clayoquot","LF25: Mortality or fitness reduction due to lower quality spawning gravel",9,"M","M"
"344","Clayoquot","LF29: Mortality or fitness reduction due to deleterious substances",1,"VL","VL"
"345","Clayoquot","LF32: Mortality or fitness reduction as a result of stress due to anthropogenic activity",1,"VL","VL"
"346","Clayoquot","LF34: Mortality or fitness reduction due to competition from invasive species",1,"VL","VL"
"347","Clayoquot","LF38: Mortality or fitness reduction as a result of decreased access to or quality of floodplain habitat",2,"VL","L"
"348","Clayoquot","LF39: Mortality or fitness reduction from stranding in rearing habitat",2,"VL","L"
"349","Clayoquot","LF40: Mortality or fitness reduction due to frequent and higher peak flows causing flushing",2,"VL","L"
"350","Clayoquot","LF41: Mortality or fitness reduction as a result of competition with hatchery fry",1,"VL","VL"
"351","Clayoquot","LF47: Mortality or fitness reduction due to elevated predation",1,"VL","VL"
"352","Clayoquot","LF48: Mortality or fitness reduction due to predation by invasive species",1,"VL","VL"
"353","Clayoquot","LF50: Mortality or fitness reduction as a result of stress due to anthropogenic activity",2,"VL","L"
"354","Clayoquot","LF53: Mortality or fitness reduction due to increased frequency and magnitude of algal blooms",1,"VL","VL"
"355","Clayoquot","LF65: Mortality or fitness reduction due to deleterious substances",2,"VL","L"
"356","Muriel","LF1: Mortality or fitness reduction due to predation from pinnipeds or other aquatic species",12,"M","H"
"357","Muriel","LF2:  Mortality or fitness reduction increased exposure to terrestrial predation",2,"VL","L"
"358","Muriel","LF3: Mortality or fitness reduction as a result of stress due to anthropogenic activity (non fishing)",2,"VL","L"
"359","Muriel","LF5: Mortality or fitness reduction due to competition with invasive species",1,"VL","VL"
"360","Muriel","LF6: Limited or delayed access due to physical migration barriers and/or lack of safe migration routes (including lack of cover and complexity)",25,"VH","VH"
"361","Muriel","LF7: Pre-spawn mortality or fitness reduction due to poor quality of spawning habitat",4,"L","L"
"362","Muriel","LF8: Pre-spawn mortality or fitness reduction due to reduced quantity of spawning habitat",4,"L","L"
"363","Muriel","LF9: Mortality or fitness reduction due to fishing",2,"VL","L"
"364","Muriel","LF11: Mortality or fitness reduction due to unfavourable water temperatures",2,"VL","L"
"365","Muriel","LF16: Mortality due to elevated levels of predation of eggs and alevin",2,"VL","L"
"366","Muriel","LF17: Mortality or fitness reduction due to predation by or presence of invasive species",2,"VL","L"
"367","Muriel","LF18: Mortality due to redd disturbance by humans",2,"VL","L"
"368","Muriel","LF20: Mortality or fitness reduction due to redd overspawn",1,"VL","VL"
"369","Muriel","LF21: Mortality or fitness reduction due to dewatered redds at low flows",1,"VL","VL"
"370","Muriel","LF32: Mortality or fitness reduction as a result of stress due to anthropogenic activity",1,"VL","VL"
"371","Muriel","LF34: Mortality or fitness reduction due to competition from invasive species",1,"VL","VL"
"372","Muriel","LF39: Mortality or fitness reduction from stranding in rearing habitat",6,"L","M"
"373","Muriel","LF40: Mortality or fitness reduction due to frequent and higher peak flows causing flushing",2,"VL","L"
"374","Muriel","LF47: Mortality or fitness reduction due to elevated predation",1,"VL","VL"
"375","Muriel","LF48: Mortality or fitness reduction due to predation by invasive species",1,"VL","VL"
"376","Muriel","LF50: Mortality or fitness reduction as a result of stress due to anthropogenic activity",2,"VL","L"
"377","Muriel","LF53: Mortality or fitness reduction due to increased frequency and magnitude of algal blooms",1,"VL","VL"
"378","Tahsis","LF1: Mortality or fitness reduction due to predation from pinnipeds or other aquatic species",1,"VL","VL"
"379","Tahsis","LF2:  Mortality or fitness reduction increased exposure to terrestrial predation",1,"VL","VL"
"380","Tahsis","LF3: Mortality or fitness reduction as a result of stress due to anthropogenic activity (non fishing)",1,"VL","VL"
"381","Tahsis","LF5: Mortality or fitness reduction due to competition with invasive species",1,"VL","VL"
"382","Tahsis","LF6: Limited or delayed access due to physical migration barriers and/or lack of safe migration routes (including lack of cover and complexity)",20,"H","VH"
"383","Tahsis","LF7: Pre-spawn mortality or fitness reduction due to poor quality of spawning habitat",2,"VL","L"
"384","Tahsis","LF8: Pre-spawn mortality or fitness reduction due to reduced quantity of spawning habitat",2,"VL","L"
"385","Tahsis","LF9: Mortality or fitness reduction due to fishing",2,"VL","L"
"386","Tahsis","LF10: Mortality or fitness reduction of wild fish due to competition with hatchery fish or aquaculture escapees for spawning locations or mates",1,"VL","VL"
"387","Tahsis","LF16: Mortality due to elevated levels of predation of eggs and alevin",1,"VL","VL"
"388","Tahsis","LF17: Mortality or fitness reduction due to predation by or presence of invasive species",1,"VL","VL"
"389","Tahsis","LF18: Mortality due to redd disturbance by humans",1,"VL","VL"
"390","Tahsis","LF20: Mortality or fitness reduction due to redd overspawn",1,"VL","VL"
"391","Tahsis","LF32: Mortality or fitness reduction as a result of stress due to anthropogenic activity",1,"VL","VL"
"392","Tahsis","LF34: Mortality or fitness reduction due to competition from invasive species",1,"VL","VL"
"393","Tahsis","LF36: Mortality or fitness reduction as a result of decreased quality of rearing habitat",25,"VH","VH"
"394","Tahsis","LF37: Mortality or fitness reduction as a result of decreased quantity of rearing habitat",25,"VH","VH"
"395","Tahsis","LF38: Mortality or fitness reduction as a result of decreased access to or quality of floodplain habitat",20,"H","VH"
"396","Tahsis","LF41: Mortality or fitness reduction as a result of competition with hatchery fry",1,"VL","VL"
"397","Tahsis","LF42: Mortality or fitness reduction due to unfavourable water temperatures",1,"VL","VL"
"398","Tahsis","LF47: Mortality or fitness reduction due to elevated predation",1,"VL","VL"
"399","Tahsis","LF48: Mortality or fitness reduction due to predation by invasive species",1,"VL","VL"
"400","Tahsis","LF50: Mortality or fitness reduction as a result of stress due to anthropogenic activity",20,"H","VH"
"401","Tahsis","LF53: Mortality or fitness reduction due to increased frequency and magnitude of algal blooms",1,"VL","VL"
"402","Tahsis","LF54: Mortality or fitness reduction due to reduction in quality of beach habitat",16,"H","H"
"403","Tahsis","LF55: Mortality or fitness reduction due to loss in quantity of beach habitat loss",16,"H","H"
"404","Tahsis","LF56: Mortality or fitness reduction due to reduction in quality channel habitat",16,"H","H"
"405","Tahsis","LF57: Mortality or fitness reduction due to reduction in quantity channel habitat",16,"H","H"
"406","Tahsis","LF58: Mortality or fitness reduction due to reduction in quality of vegetation habitat",25,"VH","VH"
"407","Tahsis","LF59: Mortality or fitness reduction due to reduction in quantity of vegetation habitat",25,"VH","VH"
"408","Tahsis","LF68: Mortality or fitness reduction due to a reduction in natural (wild) genetic influence. This is measured by the stray rate (pHOSstray) into the system, or by the frequency and magnitude of direct transplanting.",6,"L","M"
"409","Tahsis","LF69: Mortality or fitness reduction as a result of rearing in a hatchery environment leading to maladaptation to the wild environment. This is measured in a reduction in PNI.",16,"H","H"
"410","Leiner","LF2:  Mortality or fitness reduction increased exposure to terrestrial predation",1,"VL","VL"
"411","Leiner","LF3: Mortality or fitness reduction as a result of stress due to anthropogenic activity (non fishing)",1,"VL","VL"
"412","Leiner","LF5: Mortality or fitness reduction due to competition with invasive species",1,"VL","VL"
"413","Leiner","LF6: Limited or delayed access due to physical migration barriers and/or lack of safe migration routes (including lack of cover and complexity)",2,"VL","L"
"414","Leiner","LF7: Pre-spawn mortality or fitness reduction due to poor quality of spawning habitat",2,"VL","L"
"415","Leiner","LF8: Pre-spawn mortality or fitness reduction due to reduced quantity of spawning habitat",2,"VL","L"
"416","Leiner","LF9: Mortality or fitness reduction due to fishing",2,"VL","L"
"417","Leiner","LF10: Mortality or fitness reduction of wild fish due to competition with hatchery fish or aquaculture escapees for spawning locations or mates",1,"VL","VL"
"418","Leiner","LF11: Mortality or fitness reduction due to unfavourable water temperatures",2,"VL","L"
"419","Leiner","LF16: Mortality due to elevated levels of predation of eggs and alevin",1,"VL","VL"
"420","Leiner","LF17: Mortality or fitness reduction due to predation by or presence of invasive species",1,"VL","VL"
"421","Leiner","LF18: Mortality due to redd disturbance by humans",1,"VL","VL"
"422","Leiner","LF20: Mortality or fitness reduction due to redd overspawn",1,"VL","VL"
"423","Leiner","LF32: Mortality or fitness reduction as a result of stress due to anthropogenic activity",1,"VL","VL"
"424","Leiner","LF34: Mortality or fitness reduction due to competition from invasive species",1,"VL","VL"
"425","Leiner","LF36: Mortality or fitness reduction as a result of decreased quality of rearing habitat",6,"L","M"
"426","Leiner","LF37: Mortality or fitness reduction as a result of decreased quantity of rearing habitat",6,"L","M"
"427","Leiner","LF38: Mortality or fitness reduction as a result of decreased access to or quality of floodplain habitat",6,"L","M"
"428","Leiner","LF41: Mortality or fitness reduction as a result of competition with hatchery fry",1,"VL","VL"
"429","Leiner","LF42: Mortality or fitness reduction due to unfavourable water temperatures",1,"VL","VL"
"430","Leiner","LF47: Mortality or fitness reduction due to elevated predation",1,"VL","VL"
"431","Leiner","LF48: Mortality or fitness reduction due to predation by invasive species",1,"VL","VL"
"432","Leiner","LF50: Mortality or fitness reduction as a result of stress due to anthropogenic activity",12,"M","H"
"433","Leiner","LF53: Mortality or fitness reduction due to increased frequency and magnitude of algal blooms",1,"VL","VL"
"434","Leiner","LF54: Mortality or fitness reduction due to reduction in quality of beach habitat",6,"L","M"
"435","Leiner","LF55: Mortality or fitness reduction due to loss in quantity of beach habitat loss",6,"L","M"
"436","Leiner","LF56: Mortality or fitness reduction due to reduction in quality channel habitat",6,"L","M"
"437","Leiner","LF57: Mortality or fitness reduction due to reduction in quantity channel habitat",6,"L","M"
"438","Leiner","LF58: Mortality or fitness reduction due to reduction in quality of vegetation habitat",12,"M","H"
"439","Leiner","LF59: Mortality or fitness reduction due to reduction in quantity of vegetation habitat",12,"M","H"
"440","Leiner","LF68: Mortality or fitness reduction due to a reduction in natural (wild) genetic influence. This is measured by the stray rate (pHOSstray) into the system, or by the frequency and magnitude of direct transplanting.",25,"VH","VH"
"441","Leiner","LF69: Mortality or fitness reduction as a result of rearing in a hatchery environment leading to maladaptation to the wild environment. This is measured in a reduction in PNI.",16,"H","H"
"442","Tsowwin","LF2:  Mortality or fitness reduction increased exposure to terrestrial predation",1,"VL","VL"
"443","Tsowwin","LF3: Mortality or fitness reduction as a result of stress due to anthropogenic activity (non fishing)",1,"VL","VL"
"444","Tsowwin","LF5: Mortality or fitness reduction due to competition with invasive species",1,"VL","VL"
"445","Tsowwin","LF8: Pre-spawn mortality or fitness reduction due to reduced quantity of spawning habitat",1,"VL","VL"
"446","Tsowwin","LF9: Mortality or fitness reduction due to fishing",1,"VL","VL"
"447","Tsowwin","LF10: Mortality or fitness reduction of wild fish due to competition with hatchery fish or aquaculture escapees for spawning locations or mates",2,"VL","L"
"448","Tsowwin","LF16: Mortality due to elevated levels of predation of eggs and alevin",2,"VL","L"
"449","Tsowwin","LF17: Mortality or fitness reduction due to predation by or presence of invasive species",2,"VL","L"
"450","Tsowwin","LF18: Mortality due to redd disturbance by humans",2,"VL","L"
"451","Tsowwin","LF20: Mortality or fitness reduction due to redd overspawn",2,"VL","L"
"452","Tsowwin","LF32: Mortality or fitness reduction as a result of stress due to anthropogenic activity",2,"VL","L"
"453","Tsowwin","LF34: Mortality or fitness reduction due to competition from invasive species",2,"VL","L"
"454","Tsowwin","LF41: Mortality or fitness reduction as a result of competition with hatchery fry",1,"VL","VL"
"455","Tsowwin","LF42: Mortality or fitness reduction due to unfavourable water temperatures",2,"VL","L"
"456","Tsowwin","LF47: Mortality or fitness reduction due to elevated predation",2,"VL","L"
"457","Tsowwin","LF48: Mortality or fitness reduction due to predation by invasive species",2,"VL","L"
"458","Tsowwin","LF50: Mortality or fitness reduction as a result of stress due to anthropogenic activity",2,"VL","L"
"459","Tsowwin","LF53: Mortality or fitness reduction due to increased frequency and magnitude of algal blooms",2,"VL","L"
"460","Sucwoa","LF2:  Mortality or fitness reduction increased exposure to terrestrial predation",1,"VL","VL"
"461","Sucwoa","LF3: Mortality or fitness reduction as a result of stress due to anthropogenic activity (non fishing)",1,"VL","VL"
"462","Sucwoa","LF5: Mortality or fitness reduction due to competition with invasive species",1,"VL","VL"
"463","Sucwoa","LF7: Pre-spawn mortality or fitness reduction due to poor quality of spawning habitat",1,"VL","VL"
"464","Sucwoa","LF8: Pre-spawn mortality or fitness reduction due to reduced quantity of spawning habitat",1,"VL","VL"
"465","Sucwoa","LF9: Mortality or fitness reduction due to fishing",1,"VL","VL"
"466","Sucwoa","LF10: Mortality or fitness reduction of wild fish due to competition with hatchery fish or aquaculture escapees for spawning locations or mates",1,"VL","VL"
"467","Sucwoa","LF16: Mortality due to elevated levels of predation of eggs and alevin",1,"VL","VL"
"468","Sucwoa","LF17: Mortality or fitness reduction due to predation by or presence of invasive species",1,"VL","VL"
"469","Sucwoa","LF18: Mortality due to redd disturbance by humans",1,"VL","VL"
"470","Sucwoa","LF20: Mortality or fitness reduction due to redd overspawn",1,"VL","VL"
"471","Sucwoa","LF32: Mortality or fitness reduction as a result of stress due to anthropogenic activity",1,"VL","VL"
"472","Sucwoa","LF34: Mortality or fitness reduction due to competition from invasive species",1,"VL","VL"
"473","Sucwoa","LF36: Mortality or fitness reduction as a result of decreased quality of rearing habitat",25,"VH","VH"
"474","Sucwoa","LF37: Mortality or fitness reduction as a result of decreased quantity of rearing habitat",25,"VH","VH"
"475","Sucwoa","LF41: Mortality or fitness reduction as a result of competition with hatchery fry",1,"VL","VL"
"476","Sucwoa","LF42: Mortality or fitness reduction due to unfavourable water temperatures",1,"VL","VL"
"477","Sucwoa","LF47: Mortality or fitness reduction due to elevated predation",1,"VL","VL"
"478","Sucwoa","LF48: Mortality or fitness reduction due to predation by invasive species",1,"VL","VL"
"479","Sucwoa","LF50: Mortality or fitness reduction as a result of stress due to anthropogenic activity",12,"M","H"
"480","Sucwoa","LF53: Mortality or fitness reduction due to increased frequency and magnitude of algal blooms",1,"VL","VL"
"481","Canton","LF2:  Mortality or fitness reduction increased exposure to terrestrial predation",1,"VL","VL"
"482","Canton","LF3: Mortality or fitness reduction as a result of stress due to anthropogenic activity (non fishing)",1,"VL","VL"
"483","Canton","LF5: Mortality or fitness reduction due to competition with invasive species",1,"VL","VL"
"484","Canton","LF6: Limited or delayed access due to physical migration barriers and/or lack of safe migration routes (including lack of cover and complexity)",25,"VH","VH"
"485","Canton","LF7: Pre-spawn mortality or fitness reduction due to poor quality of spawning habitat",15,"M","VH"
"486","Canton","LF8: Pre-spawn mortality or fitness reduction due to reduced quantity of spawning habitat",15,"M","VH"
"487","Canton","LF9: Mortality or fitness reduction due to fishing",2,"VL","L"
"488","Canton","LF10: Mortality or fitness reduction of wild fish due to competition with hatchery fish or aquaculture escapees for spawning locations or mates",1,"VL","VL"
"489","Canton","LF16: Mortality due to elevated levels of predation of eggs and alevin",1,"VL","VL"
"490","Canton","LF17: Mortality or fitness reduction due to predation by or presence of invasive species",1,"VL","VL"
"491","Canton","LF18: Mortality due to redd disturbance by humans",1,"VL","VL"
"492","Canton","LF20: Mortality or fitness reduction due to redd overspawn",1,"VL","VL"
"493","Canton","LF32: Mortality or fitness reduction as a result of stress due to anthropogenic activity",1,"VL","VL"
"494","Canton","LF34: Mortality or fitness reduction due to competition from invasive species",1,"VL","VL"
"495","Canton","LF36: Mortality or fitness reduction as a result of decreased quality of rearing habitat",25,"VH","VH"
"496","Canton","LF37: Mortality or fitness reduction as a result of decreased quantity of rearing habitat",25,"VH","VH"
"497","Canton","LF41: Mortality or fitness reduction as a result of competition with hatchery fry",1,"VL","VL"
"498","Canton","LF42: Mortality or fitness reduction due to unfavourable water temperatures",1,"VL","VL"
"499","Canton","LF47: Mortality or fitness reduction due to elevated predation",1,"VL","VL"
"500","Canton","LF48: Mortality or fitness reduction due to predation by invasive species",1,"VL","VL"
"501","Canton","LF50: Mortality or fitness reduction as a result of stress due to anthropogenic activity",2,"VL","L"
"502","Canton","LF53: Mortality or fitness reduction due to increased frequency and magnitude of algal blooms",1,"VL","VL"
"503","Canton","LF68: Mortality or fitness reduction due to a reduction in natural (wild) genetic influence. This is measured by the stray rate (pHOSstray) into the system, or by the frequency and magnitude of direct transplanting.",25,"VH","VH"
"504","Conuma","LF1: Mortality or fitness reduction due to predation from pinnipeds or other aquatic species",3,"VL","M"
"505","Conuma","LF2:  Mortality or fitness reduction increased exposure to terrestrial predation",1,"VL","VL"
"506","Conuma","LF3: Mortality or fitness reduction as a result of stress due to anthropogenic activity (non fishing)",1,"VL","VL"
"507","Conuma","LF5: Mortality or fitness reduction due to competition with invasive species",1,"VL","VL"
"508","Conuma","LF6: Limited or delayed access due to physical migration barriers and/or lack of safe migration routes (including lack of cover and complexity)",25,"VH","VH"
"509","Conuma","LF7: Pre-spawn mortality or fitness reduction due to poor quality of spawning habitat",6,"L","M"
"510","Conuma","LF8: Pre-spawn mortality or fitness reduction due to reduced quantity of spawning habitat",6,"L","M"
"511","Conuma","LF9: Mortality or fitness reduction due to fishing",2,"VL","L"
"512","Conuma","LF10: Mortality or fitness reduction of wild fish due to competition with hatchery fish or aquaculture escapees for spawning locations or mates",1,"VL","VL"
"513","Conuma","LF11: Mortality or fitness reduction due to unfavourable water temperatures",6,"L","M"
"514","Conuma","LF16: Mortality due to elevated levels of predation of eggs and alevin",1,"VL","VL"
"515","Conuma","LF17: Mortality or fitness reduction due to predation by or presence of invasive species",1,"VL","VL"
"516","Conuma","LF18: Mortality due to redd disturbance by humans",1,"VL","VL"
"517","Conuma","LF20: Mortality or fitness reduction due to redd overspawn",1,"VL","VL"
"518","Conuma","LF32: Mortality or fitness reduction as a result of stress due to anthropogenic activity",1,"VL","VL"
"519","Conuma","LF34: Mortality or fitness reduction due to competition from invasive species",1,"VL","VL"
"520","Conuma","LF36: Mortality or fitness reduction as a result of decreased quality of rearing habitat",25,"VH","VH"
"521","Conuma","LF37: Mortality or fitness reduction as a result of decreased quantity of rearing habitat",25,"VH","VH"
"522","Conuma","LF41: Mortality or fitness reduction as a result of competition with hatchery fry",4,"L","L"
"523","Conuma","LF42: Mortality or fitness reduction due to unfavourable water temperatures",1,"VL","VL"
"524","Conuma","LF47: Mortality or fitness reduction due to elevated predation",1,"VL","VL"
"525","Conuma","LF48: Mortality or fitness reduction due to predation by invasive species",1,"VL","VL"
"526","Conuma","LF50: Mortality or fitness reduction as a result of stress due to anthropogenic activity",2,"VL","L"
"527","Conuma","LF53: Mortality or fitness reduction due to increased frequency and magnitude of algal blooms",1,"VL","VL"
"528","Conuma","LF68: Mortality or fitness reduction due to a reduction in natural (wild) genetic influence. This is measured by the stray rate (pHOSstray) into the system, or by the frequency and magnitude of direct transplanting.",25,"VH","VH"
"529","Conuma","LF69: Mortality or fitness reduction as a result of rearing in a hatchery environment leading to maladaptation to the wild environment. This is measured in a reduction in PNI.",25,"VH","VH"
"530","Artlish","LF1: Mortality or fitness reduction due to predation from pinnipeds or other aquatic species",12,"M","H"
"531","Artlish","LF2:  Mortality or fitness reduction increased exposure to terrestrial predation",1,"VL","VL"
"532","Artlish","LF3: Mortality or fitness reduction as a result of stress due to anthropogenic activity (non fishing)",1,"VL","VL"
"533","Artlish","LF5: Mortality or fitness reduction due to competition with invasive species",4,"L","L"
"534","Artlish","LF6: Limited or delayed access due to physical migration barriers and/or lack of safe migration routes (including lack of cover and complexity)",25,"VH","VH"
"535","Artlish","LF7: Pre-spawn mortality or fitness reduction due to poor quality of spawning habitat",1,"VL","VL"
"536","Artlish","LF8: Pre-spawn mortality or fitness reduction due to reduced quantity of spawning habitat",1,"VL","VL"
"537","Artlish","LF9: Mortality or fitness reduction due to fishing",1,"VL","VL"
"538","Artlish","LF10: Mortality or fitness reduction of wild fish due to competition with hatchery fish or aquaculture escapees for spawning locations or mates",4,"L","L"
"539","Artlish","LF11: Mortality or fitness reduction due to unfavourable water temperatures",1,"VL","VL"
"540","Artlish","LF16: Mortality due to elevated levels of predation of eggs and alevin",1,"VL","VL"
"541","Artlish","LF17: Mortality or fitness reduction due to predation by or presence of invasive species",1,"VL","VL"
"542","Artlish","LF18: Mortality due to redd disturbance by humans",1,"VL","VL"
"543","Artlish","LF20: Mortality or fitness reduction due to redd overspawn",1,"VL","VL"
"544","Artlish","LF21: Mortality or fitness reduction due to dewatered redds at low flows",12,"M","H"
"545","Artlish","LF22: Mortality or fitness reduction resulting from frequent and higher peak flows causing redd scour",25,"VH","VH"
"546","Artlish","LF32: Mortality or fitness reduction as a result of stress due to anthropogenic activity",1,"VL","VL"
"547","Artlish","LF33: Mortality or fitness reduction as a result of disease, parasites, or pathogens",1,"VL","VL"
"548","Artlish","LF34: Mortality or fitness reduction due to competition from invasive species",1,"VL","VL"
"549","Artlish","LF36: Mortality or fitness reduction as a result of decreased quality of rearing habitat",12,"M","H"
"550","Artlish","LF37: Mortality or fitness reduction as a result of decreased quantity of rearing habitat",12,"M","H"
"551","Artlish","LF38: Mortality or fitness reduction as a result of decreased access to or quality of floodplain habitat",12,"M","H"
"552","Artlish","LF40: Mortality or fitness reduction due to frequent and higher peak flows causing flushing",6,"L","M"
"553","Artlish","LF41: Mortality or fitness reduction as a result of competition with hatchery fry",1,"VL","VL"
"554","Artlish","LF42: Mortality or fitness reduction due to unfavourable water temperatures",1,"VL","VL"
"555","Artlish","LF47: Mortality or fitness reduction due to elevated predation",1,"VL","VL"
"556","Artlish","LF48: Mortality or fitness reduction due to predation by invasive species",1,"VL","VL"
"557","Artlish","LF50: Mortality or fitness reduction as a result of stress due to anthropogenic activity",1,"VL","VL"
"558","Artlish","LF51: Mortality or fitness reduction as a result of disease, parasites, or pathogens",1,"VL","VL"
"559","Artlish","LF53: Mortality or fitness reduction due to increased frequency and magnitude of algal blooms",4,"L","L"
"560","Artlish","LF61: Mortality or fitness reduction due to unfavourable water temperatures",1,"VL","VL"
"561","Artlish","LF67: Mortality or fitness reduction due changes in biological characteristics such as fecundity, maturation rate, sex ratios, size at age, etc",25,"VH","VH"
"562","Artlish","LF68: Mortality or fitness reduction due to a reduction in natural (wild) genetic influence. This is measured by the stray rate (pHOSstray) into the system, or by the frequency and magnitude of direct transplanting.",3,"M","VL"
"563","Artlish","LF69: Mortality or fitness reduction as a result of rearing in a hatchery environment leading to maladaptation to the wild environment. This is measured in a reduction in PNI.",1,"VL","VL"
"564","Artlish","LF70: Mortality or fitness reduction due to negative effects of small population size - including inbreeding depression and gene flow",1,"VL","VL"
"565","Kaouk","LF1: Mortality or fitness reduction due to predation from pinnipeds or other aquatic species",1,"VL","VL"
"566","Kaouk","LF2:  Mortality or fitness reduction increased exposure to terrestrial predation",1,"VL","VL"
"567","Kaouk","LF3: Mortality or fitness reduction as a result of stress due to anthropogenic activity (non fishing)",1,"VL","VL"
"568","Kaouk","LF5: Mortality or fitness reduction due to competition with invasive species",1,"VL","VL"
"569","Kaouk","LF6: Limited or delayed access due to physical migration barriers and/or lack of safe migration routes (including lack of cover and complexity)",3,"VL","M"
"570","Kaouk","LF7: Pre-spawn mortality or fitness reduction due to poor quality of spawning habitat",1,"VL","VL"
"571","Kaouk","LF8: Pre-spawn mortality or fitness reduction due to reduced quantity of spawning habitat",1,"VL","VL"
"572","Kaouk","LF9: Mortality or fitness reduction due to fishing",4,"L","L"
"573","Kaouk","LF10: Mortality or fitness reduction of wild fish due to competition with hatchery fish or aquaculture escapees for spawning locations or mates",1,"VL","VL"
"574","Kaouk","LF11: Mortality or fitness reduction due to unfavourable water temperatures",1,"VL","VL"
"575","Kaouk","LF16: Mortality due to elevated levels of predation of eggs and alevin",1,"VL","VL"
"576","Kaouk","LF17: Mortality or fitness reduction due to predation by or presence of invasive species",1,"VL","VL"
"577","Kaouk","LF18: Mortality due to redd disturbance by humans",1,"VL","VL"
"578","Kaouk","LF20: Mortality or fitness reduction due to redd overspawn",1,"VL","VL"
"579","Kaouk","LF21: Mortality or fitness reduction due to dewatered redds at low flows",12,"M","H"
"580","Kaouk","LF22: Mortality or fitness reduction resulting from frequent and higher peak flows causing redd scour",25,"VH","VH"
"581","Kaouk","LF32: Mortality or fitness reduction as a result of stress due to anthropogenic activity",1,"VL","VL"
"582","Kaouk","LF33: Mortality or fitness reduction as a result of disease, parasites, or pathogens",1,"VL","VL"
"583","Kaouk","LF34: Mortality or fitness reduction due to competition from invasive species",1,"VL","VL"
"584","Kaouk","LF36: Mortality or fitness reduction as a result of decreased quality of rearing habitat",12,"M","H"
"585","Kaouk","LF37: Mortality or fitness reduction as a result of decreased quantity of rearing habitat",12,"M","H"
"586","Kaouk","LF38: Mortality or fitness reduction as a result of decreased access to or quality of floodplain habitat",12,"M","H"
"587","Kaouk","LF40: Mortality or fitness reduction due to frequent and higher peak flows causing flushing",6,"L","M"
"588","Kaouk","LF41: Mortality or fitness reduction as a result of competition with hatchery fry",1,"VL","VL"
"589","Kaouk","LF42: Mortality or fitness reduction due to unfavourable water temperatures",1,"VL","VL"
"590","Kaouk","LF47: Mortality or fitness reduction due to elevated predation",1,"VL","VL"
"591","Kaouk","LF48: Mortality or fitness reduction due to predation by invasive species",1,"VL","VL"
"592","Kaouk","LF50: Mortality or fitness reduction as a result of stress due to anthropogenic activity",12,"M","H"
"593","Kaouk","LF51: Mortality or fitness reduction as a result of disease, parasites, or pathogens",1,"VL","VL"
"594","Kaouk","LF53: Mortality or fitness reduction due to increased frequency and magnitude of algal blooms",1,"VL","VL"
"595","Kaouk","LF54: Mortality or fitness reduction due to reduction in quality of beach habitat",1,"VL","VL"
"596","Kaouk","LF55: Mortality or fitness reduction due to loss in quantity of beach habitat loss",1,"VL","VL"
"597","Kaouk","LF56: Mortality or fitness reduction due to reduction in quality channel habitat",2,"L","VL"
"598","Kaouk","LF57: Mortality or fitness reduction due to reduction in quantity channel habitat",2,"L","VL"
"599","Kaouk","LF58: Mortality or fitness reduction due to reduction in quality of vegetation habitat",12,"M","H"
"600","Kaouk","LF59: Mortality or fitness reduction due to reduction in quantity of vegetation habitat",12,"M","H"
"601","Kaouk","LF61: Mortality or fitness reduction due to unfavourable water temperatures",1,"VL","VL"
"602","Kaouk","LF65: Mortality or fitness reduction due to deleterious substances",8,"L","H"
"603","Kaouk","LF67: Mortality or fitness reduction due changes in biological characteristics such as fecundity, maturation rate, sex ratios, size at age, etc",25,"VH","VH"
"604","Kaouk","LF69: Mortality or fitness reduction as a result of rearing in a hatchery environment leading to maladaptation to the wild environment. This is measured in a reduction in PNI.",1,"VL","VL"
"605","Kaouk","LF70: Mortality or fitness reduction due to negative effects of small population size - including inbreeding depression and gene flow",1,"VL","VL"
